sample,umi,count
Early,AAACGCGAGCCATGTGGTCGCTTTCGATGCGCGT,1
Early,AACGCAGCCATGTGGTCGATTCCGGTGCGCCATG,1
Early,AACGCGAGCCATGCGGGCGCGTCCGATGCGCGCG,1
Early,AACGCGCGCATCGGTACGGGGGTCATGGCTCGCG,1
Early,ACACGAGCCATGTCAAGTCTGGGCGATGCCTTGT,1
Early,ACACGAGCCATGTGGTCCTTTCGATGCTTGTGTA,1
Early,ACATGAGCCATGTCCGTCTGAGCGATGCGCATAT,1
Early,ACGCACGCATCGTGAGATCTAAGCATGGCTCGCG,1
Early,ACGCAGCAAACCATGTGGTCCTTTCGATGCGCGT,1
Early,ACGCAGCCCATGTGGTCGCTTTCGATGCACGCGT,1
Early,ACGCAGGCCATGGAGTTGAGGTACGATGCGCGCG,1
Early,ACGCAGGCGCATGTAGTCGATTCCGATGCGCGCG,1
Early,ACGCGAATGTGAGTTGAGGTACGATGCGCGCGTA,1
Early,ACGCGAGCCAAAGATCTGGTCCGATGCGCGCGTA,1
Early,ACGCGAGCCAAGGTAGTCGATTCCGATGCGCGCG,1
Early,ACGCGAGCCATGAAACATAACCCGATGCGCGCGT,1
Early,ACGCGAGCCATGACTGATGGCCCGATGCGCGCGT,1
Early,ACGCGAGCCATGACTGATGGCCCGGATGCGCGCG,1
Early,ACGCGAGCCATGAGTTGAGGTAACAGATGCGCGT,1
Early,ACGCGAGCCATGAGTTGAGGTACGATGCGCGCGT,1
Early,ACGCGAGCCATGCATTGATAAAAACCGATGCAAG,1
Early,ACGCGAGCCATGCCCCCTACTTCGATGCGCGCGT,1
Early,ACGCGAGCCATGCCCCCTACTTCGTGCGCGCGTA,1
Early,ACGCGAGCCATGCCCCTACTTCGATGCGCGCGTA,1
Early,ACGCGAGCCATGCGATCTGGTCCGATAGCATGAC,1
Early,ACGCGAGCCATGCGATCTGGTCCGATGCGCGCGT,1
Early,ACGCGAGCCATGCGATCTGGTCCGATGGTATGTA,1
Early,ACGCGAGCCATGCGATCTGGTCCGTGCGCGCGTA,1
Early,ACGCGAGCCATGCGGAAAGCGTCCGATGCGCGCG,1
Early,ACGCGAGCCATGCGGGCGCGTCCGATGCGCGCGT,1
Early,ACGCGAGCCATGCTCGTTGGCCCGATGCGCGCGT,1
Early,ACGCGAGCCATGGCTCTCTAATCGATGCGCGCGT,1
Early,ACGCGAGCCATGGCTCTCTCAATCGATGCGCGTA,1
Early,ACGCGAGCCATGGGGTTTTAACCGATGCGCGCGT,1
Early,ACGCGAGCCATGGGGTTTTAACCGATGTGCTGTA,1
Early,ACGCGAGCCATGGTCGATAAACCGATGCGCGCGT,1
Early,ACGCGAGCCATGGTCGATAAACCGGATGCGCGCG,1
Early,ACGCGAGCCATGTAAATTATCTCGATGCGCGCGT,1
Early,ACGCGAGCCATGTAAGTTCTGGCGATGCGCGCGT,1
Early,ACGCGAGCCATGTAGTCGATTCCGATGCGCGCGT,1
Early,ACGCGAGCCATGTAGTCGATTCCGGATGCGCGCG,1
Early,ACGCGAGCCATGTAGTCGATTCGATGCGCGCGTA,1
Early,ACGCGAGCCATGTCCGTCTGGGCGATGCGCGCGT,1
Early,ACGCGAGCCATGTGATCGATTTCGTGCGCGCGTA,1
Early,ACGCGAGCCATGTGCGCGTATCCGATGCGCGCGT,1
Early,ACGCGAGCCATGTGGTCGCTTTCCGATTAGCGCG,1
Early,ACGCGAGCCATGTGGTCGCTTTCGATGCGCGCGT,1
Early,ACGCGAGCCATGTGGTCGCTTTCGGATGCGCGTA,1
Early,ACGCGAGCCTGCGTGGTCGCTTTCGATGCGCGCG,1
Early,ACGCGAGCTCATGTGGTCGCTTTCGATGCGCGCG,1
Early,ACGCGAGCTGCGTGCGTATCCGGGATGCGCGCGT,1
Early,ACGCGAGTCATGTGGCTCTTTTCGATGCGCGCGT,1
Early,ACGCGCATCAGTAGGATCTAGCATGGCTCGCGTA,1
Early,ACGCGCATCGGTAATGGGGGTCATGGCTCATGTA,1
Early,ACGCGCGCAATGGAATAGCTCGCAATGGCTCATG,1
Early,ACGCGCGCATCGAGGGTGGGGGCATGGCTCATGT,1
Early,ACGCGCGCATCGCAGGATCTAGCATGTTCGCGTA,1
Early,ACGCGCGCATCGGAATAGCTCGCATGGCTCGCGT,1
Early,ACGCGCGCATCGGTACGGGGGGTCATGGCTCGCG,1
Early,ACGCGCGCATCGGTACGGGGGTCATAATCCGCGT,1
Early,ACGCGCGCATCGGTACGGGGGTCATGGCTCGCGT,1
Early,ACGCGCGCATCGGTACGGGGTCATGGCTCGCGTA,1
Early,ACGCGCGCATCGGTGCTCATTACATGGCTCTCGT,1
Early,ACGCGCGCATCGTAGGATCTAGCATGGCTCGCGT,1
Early,ACGCGCGCATTGGAATAGCTCGCATGGCTCGCGT,1
Early,CCATGGTTAAGTGTCCGTCTGGGCGATGCGCGCG,1
Early,CCGTTGTTTCTGCATGAGTAAACCGATGCGCGCG,1
Early,CGCCTGACCATGCGATCTGGTCCGATGCGCGCGT,1
Early,CGCGAGCCATGACTGATGGCCCGATGCGCGCGTA,1
Early,CGCGAGCCATGACTGATGGCCCGGATGCGCGGCG,1
Early,CGCGAGCCATGAGTTGAGGTACGATGCGCACGTA,1
Early,CGCGAGCCATGAGTTGAGGTACGATGTGCGCGCG,1
Early,CGCGAGCCATGCCTCTCTAATCGATGCGCGCGCG,1
Early,CGCGAGCCATGCGATCTGGTCCGATGCGCACGCG,1
Early,CGCGAGCCATGGAAGGCCGATTCCGATGCGCGTG,1
Early,CGCGAGCCATGGTCGATAAACCGATGCGCGCGTA,1
Early,CGCGAGCCATGTAAGGTCGATTCCGATGCGCGCG,1
Early,CGCGAGCCATGTAGTCGATTCCGATGCGCGTATG,1
Early,CGCGAGCCATGTAGTCGATTCGGGATGCGCGCGT,1
Early,CGCGAGCCATGTCCGTCTGGGCGATGCGCGCGCG,1
Early,CGCGAGCCATGTGGTCGCTTTCGATGCGCGCGCG,1
Early,CGCGCAGCATCGGTACCGGGGTCATGGCTCGCGT,1
Early,CGCGCGCATCGTAGGATCTAGCATGGCTTCCGCG,1
Early,CGCGCGTGCATCGGTGCTCATTACATGGCTCGCG,1
Early,CGCTGAGCCATGTAGTCGATTCCAGATGCGTGTA,1
Early,CGTGAGCCATGTGCGCGTATCCGATGCGCGCGTA,1
Early,CTAAGTGAGCTGTGTGCGTATCCGATGTGCTAAG,1
Early,GACGCGAGCCATGCGATCTGGTCCGATGCGCGCG,1
Early,GCATGACCATGTGGTCGCTTTCGATGCGCGCGTA,1
Early,GCCCGCGAGCCATGCGATCTGGTCCGATGCGCGT,1
Early,GTAAGGAGCCATGTGCGCGTATCCGATGCGCGCG,1
Later,AAACGCGCGCACGTGGTAAATCGCATGGCTCGCG,1
Later,AAACGCGCGCATCGTGGTAAATCACTGTCGCGTA,1
Later,AACCATGCATCGTGGTAAATCGCATGGCTCGCGT,1
Later,AACGCGCATCGTGGTAACCGCATGGCTCGCGTGG,1
Later,AACGCGCGCATCGGTGGGTTCCACATGGCTCGCG,1
Later,AACGCGCGCATCGTGGTAAATCGCATGGCTCGCG,1
Later,AACGCGCGCATCGTGGTAAATGCATGGCCTGCGT,1
Later,AACGCGCGCATCGTGGTAACCCATGGCTCGCGTA,1
Later,AACGCGCGCGCATCGTAAATCGCATGGCTCGCGT,1
Later,ACACGCGCATCGTGGTAAATCGCATAAGCTCCCT,1
Later,ACAGCGCATCGTGGTACAATCGCATGGCTCGCGT,1
Later,ACATATGCACGTGGTAAATCGCATGGCTCGCGTA,1
Later,ACATGGCATCGTGTTAAAATCGCATGGCTCGCGT,1
Later,ACCCAGCATCGGCTGGTAAATCATGGCTCGCGTA,1
Later,ACGCCTTGCATCGTGGTAAATCGCATGGCTCGCG,1
Later,ACGCGAGCCATGATTGGTGGCCCGATGCGCGCGT,1
Later,ACGCGAGCCATGCCCCTACTTCGATGCGCGCGTA,1
Later,ACGCGAGCCATGGAGGCTAGGCCGATGCGCGCGT,1
Later,ACGCGAGCCATGGAGGCTAGGCCGATGCGCGTAC,1
Later,ACGCGAGCCATGGAGGCTAGGCTGGATGCGCGCG,1
Later,ACGCGAGCCATGGGGTTTTAACCGATGCGCGCGT,1
Later,ACGCGAGCCATGGGTTTTGGAACTGAGTGTGTGC,1
Later,ACGCGCACGTGGTAAATCGCAGCGGCCTTCATGT,1
Later,ACGCGCATCGACAAGTAAATCACGCAGCTCCTTT,1
Later,ACGCGCATCGTGGTAAATCGCAGCGGCTCATGTA,1
Later,ACGCGCATGCATCGTGGTAAATCGCATGGCTCAT,1
Later,ACGCGCCAGCATCGTGGTAAATCGCATGGCTCTT,1
Later,ACGCGCCATCGTGGTAAATCGCATGGCTCGCGTA,1
Later,ACGCGCGCACACGTGGTAAATCGCATGGCTCGTA,1
Later,ACGCGCGCACGGGTAGAAATCGCATGGCTCGCGT,1
Later,ACGCGCGCACGTAAATCGCATGGCTCATGTAATA,1
Later,ACGCGCGCACGTGCGGAATCGCATGGCTCGCGTA,1
Later,ACGCGCGCACGTGGTAAATCGCATGGCTCGCGTA,1
Later,ACGCGCGCACGTGGTAACCGTGAAGGCTCGCGTA,1
Later,ACGCGCGCACGTGTAAATCGGTATGGTCATGTAG,1
Later,ACGCGCGCATCGAAGGGTTCCACATGGCCTGCGT,1
Later,ACGCGCGCATCGCAGGCAATCAGCTGCCTGCGTA,1
Later,ACGCGCGCATCGGGGAAATCTGCACAGTTCGCGT,1
Later,ACGCGCGCATCGGGGTGGTAAATCACGGCTCGCG,1
Later,ACGCGCGCATCGGTGGGTTCCACATGGCTCGCGT,1
Later,ACGCGCGCATCGTAGCAAACGGCTGTCAAAGTGC,1
Later,ACGCGCGCATCGTGGGTAAATCGCATGGCCTGCA,1
Later,ACGCGCGCATCGTGGGTAAATCGCATGGCTCGCG,1
Later,ACGCGCGCATCGTGGGTAACCGCATGGCTCGCGT,1
Later,ACGCGCGCATCGTGGGTAACCTGCATGGCTCGCG,1
Later,ACGCGCGCATCGTGGTAAAATCGCATGGTTTGCA,1
Later,ACGCGCGCATCGTGGTAAACCAGCATGGCTCGCG,1
Later,ACGCGCGCATCGTGGTAAACGCGGCGGCCTGCGT,1
Later,ACGCGCGCATCGTGGTAAATCACATGCTCATGTA,1
Later,ACGCGCGCATCGTGGTAAATCACGCATAGCTCGT,1
Later,ACGCGCGCATCGTGGTAAATCACGTAAACAACGT,1
Later,ACGCGCGCATCGTGGTAAATCACTGGCTCGCGTA,1
Later,ACGCGCGCATCGTGGTAAATCACTGTGGCTAGCG,1
Later,ACGCGCGCATCGTGGTAAATCGCACATGAGCCAG,1
Later,ACGCGCGCATCGTGGTAAATCGCAGCTGCCTGCG,1
Later,ACGCGCGCATCGTGGTAAATCGCATGAGCCATGT,1
Later,ACGCGCGCATCGTGGTAAATCGCATGCCTGCGTA,1
Later,ACGCGCGCATCGTGGTAAATCGCATGGCTCGCGT,1
Later,ACGCGCGCATCGTGGTAAATCGCATGGCTCTGCG,1
Later,ACGCGCGCATCGTGGTAAATCGCATGGCTTCGCG,1
Later,ACGCGCGCATCGTGGTAAATCGCGCCGGCTCGCG,1
Later,ACGCGCGCATCGTGGTAAATCTGCCGCTCATGTA,1
Later,ACGCGCGCATCGTGGTAAATCTTGTAGCTCGCGT,1
Later,ACGCGCGCATCGTGGTAAATCTTTATGGCTCGCG,1
Later,ACGCGCGCATCGTGGTAACCGCATGGCTCGCGTA,1
Later,ACGCGCGCATCGTGGTGGAATCGCATGGCTCATG,1
Later,ACGCGCGCATCGTGTAAATCGCATGGCTCGCGTA,1
Later,ACGCGCGCATCGTGTACAACCTATGGCTCGCGTA,1
Later,ACGCGCGCATCGTGTGCAAATCGCATGGCTCGGC,1
Later,ACGCGCGCATTTCCGTAAATCGCATGGCCGCGTA,1
Later,ACGCGCGCGCGCATCGTGTACCCATGGCTCGCGT,1
Later,ACGCGCGTATCGTGGTAAATCGCAGATGGCTCGC,1
Later,ACGCGCTATCAGGAAAAAAATCGCATGGCTCGCG,1
Later,ACGCGGATTGGGGGTGGGTAACGTATGGCTCGCG,1
Later,ACGCGTGAATGTGGTAAATCGCATGGCTCGCGTA,1
Later,ACGCGTGCCATCGTGGTAAATCGCATGGCTCGCG,1
Later,ACGCGTTTATCGTATAAATCGCATGGCTCGCGTA,1
Later,ACGCGTTTATCGTGGTAAATCGCATGGCTCATGT,1
Later,ACGCTTATCGAAAATCGCATGGCTCAGTGTGGTA,1
Later,ACGGCAAGGCATCGTGGTAAATCATGGCTCATGG,1
Later,ACGTGCATCGTGGTAAATCGCATGGCTCGTGCGT,1
Later,ACGTGCGCGCATCGTGTAAATCGCATGGCTCGCG,1
Later,ACGTTGCTATCGTGGTAAATCGCATGGCTCGCGT,1
Later,ATCACAGCATCGTGGTAAAATCGCATGGCTCGCG,1
Later,CAAGGCGATCGTGGTAAATCGCATGTTGTTCGCA,1
Later,CACGCGCATCGTGGTAAATCGCATGGACTTCGCG,1
Later,CACTCGCGCATCGTATCACATGGCTCGCATGGGT,1
Later,CACTTGTACATCGTGGTAAATCGCATGGCTCGCG,1
Later,CCAAGGCATCGTGGTAAATCGCATGGCTCGCGTA,1
Later,CGCAGCGCACGTGGTAAATGTATGGCTGCGTGGG,1
Later,CGCGAGCCATGCCCCCTACTTACGTGTATGCTGC,1
Later,CGCGCATCGTGGTAAATCACACTTCTGGCTCATG,1
Later,CGCGCGCATCATGTGGTAAATCATATGGCTCGCG,1
Later,CGCGCGCATCATTAGGTAAATCGCATGGCTCGCG,1
Later,CGCGCGCATCGGTGGGTTCCCGCCATGGCTCGCG,1
Later,CGCGCGCATCGTGGTAAAATCGCATGGCTCGGTG,1
Later,CGCGCGCATCGTGGTAAAATCGTGATGGCTCATG,1
Later,CGCGCGCATCGTGGTAAACGCAGTGGCTCGGGTG,1
Later,CGCGCGCATCGTGGTAAATCGCACACGGCTCAAG,1
Later,CGCGCGCATCGTGGTAAATCGCATAGCTCAGCGT,1
Later,CGCGCGCATCGTGGTAAATCGCATGAAGCAACGT,1
Later,CGCGCGCATCGTGGTAAATCGCATGGCCTCGCGT,1
Later,CGCGCGCATCGTGGTAAATCGCATGGCTCGCGTA,1
Later,CGCGCGCATCGTGGTAAATCGCATGGTTTCTATG,1
Later,CGCGCGCATCGTGGTAAATCGCATGTGGCTCGCG,1
Later,CGCGCGCATCGTGGTAAATCGTGCATGGCTCGCG,1
Later,CGCGCGCATCGTGGTAAATCGTGTATTGCCTGCG,1
Later,CGCGCGCATCGTGGTAACCCCATGGCTCGTGGGG,1
Later,CGCGCGCATCGTGGTAACCGCTGCATGGCTCGCG,1
Later,CGCGCGCATCGTGTGGTAAATCGCATGGCTCGCG,1
Later,CGCGCGCATGCAGTAGTAAATCGCATGGCTCGCG,1
Later,CGCGCGCGCATCGTGGTAAATCGCATGGCTCGCG,1
Later,CGCGGTATACCCCCTACTTCGATGCCTTTAGCGT,1
Later,CGCGTATGCATCGTGGTAAATCGCATGGCTCGCG,1
Later,CTAAACGCGCGCATCGTGGTAACGGCTTTGCCTA,1
Later,GCACGCGCATCGTGGTAAATCTGTAGCTCCTTGT,1
Later,TAAACGCGCATCGTGGTAAATCGCATGGCTCGCG,1
Later,TCAGCGCGCATCGTGGTAAATCGCATGGCTCATG,1
Later,TCCATGCTATCGTGGGTAAATCGCATGGCTCGCG,1
