protospacer,UMI_5prime_UMI_3prime_corrected_count
AAAACTGTGAGTTACAATTT,1
AAAACTGTGCATTACAATTT,1
AAAGAGCCGAGCAAGCTTCA,2
AAATAATCAAAGTAATGCAG,2
AAATAGTTGGTCTGCTAGGA,1
AAATTTAAAGTACAGCCAAT,1
AACAACAGCTCCTAGGGATT,1
AACACGGGAAACATGGTGGA,1
AACATGTTAAAAAATGACAT,1
AACTATGATTAGTGCTAATC,1
AAGAGAGTACTATTTTTAGA,2
AAGCAATTTATCTAGCTTTC,2
AAGCATTTCATCTAGCTTTA,1
AAGCCAGGAATGGATGGCTC,1
AAGCCATGTACTGGTTCTTT,1
AAGCCTCAATAAAGCGTTGCC,1
AAGCTGTACTGTCCATTTGT,1
AAGGAACTCTTGTCTTTTCT,3
AAGGACAAAGTCTACGTGTC,1
AAGGACAAAGTCTATCTGTC,1
AAGGACAATGTCTACGTGAC,1
AAGGACATCTTGTCTTTTCT,2
AAGGACTTCTTGTCTTTTCT,1
AAGGCACAGAAGTGGTGCAG,1
AAGGCACAGGAGTGGTGCAG,1
AAGGCACAGTACTGGTGACAA,1
AAGGCACAGTAGAGGTTCAA,1
AAGGCACAGTAGTCGTGCAG,1
AAGGCACAGTAGTGGAGCAA,1
AAGGCACAGTAGTGGCGCAG,2
AAGGCACAGTAGTGGTCCAG,2
AAGGCACAGTAGTGGTGACAA,5
AAGGCACAGTAGTGGTGCAA,1
AAGGCACAGTAGTTGTGCAG,3
AAGGCACAGTTGTGGTGCAG,1
AAGGCACGTAAGATTTACTC,1
AAGGCTACTTACCTGATTGG,2
AATAATTAAAAATAAATAAT,1
AATAATTCCTCATGCATATT,3
AATATTGGAGTCAGGACCTA,1
AATCAGTAACATTATTGGAT,2
AATCGCAGAACCAGCAGGAA,2
AATCGCAGAACCTGCAAGAA,1
AATGATCTCCCTGGTCCTCT,1
AATGATTCCTAGTGCAGATT,1
AATGATTCCTAGTGCAGTATT,3
AATTAGTTGGTCTGCCAGGT,1
AATTAGTTGGTCTGCTAGGT,5
AATTGGCAGTAACAACATAT,1
AATTGGTAGTAACAACATACT,1
AATTGGTAGTCACAACATAT,1
AATTGTTTTACATCATTAGT,1
ACACATAGTTAGCCCTAGTT,4
ACACATAGTTAGCCCTATGT,1
ACACTGAGTAAAAGGGTCTG,1
ACACTTCTTGTTCTACACAG,1
ACAGACTCACAATATGCATT,1
ACAGAGTATTGGCAAAGCCAC,1
ACAGAGTATTTGCAGGCCAC,1
ACAGTGGCAATGAGATTGAG,4
ACAGTGTATTGGCAAGCCAC,1
ACATAGTATTGGCAGGCCAC,1
ACATCGTAGGACAGATCCAG,1
ACATGGTAGGACAGATGCAG,2
ACATGGTAGGACAGATGCAT,2
ACCAATCTACATAGTCTCTA,1
ACCAATCTAGCAACCCCTAG,1
ACCAATCTAGCATCCCCTAG,2
ACCATATTACTCTGCTTTCT,1
ACCATGGGAAGCATGGTGGA,5
ACCCATCAATGAGGAAGCTG,1
ACCCTCTATTGAGTGCATCA,1
ACCGAATCCTGTAAAGCTAG,1
ACCGGTCTACTTAATCTCTA,2
ACCGTTTATCCATTTCAGAA,1
ACTAACTGAAGAAGCAGAAT,1
ACTTAAGGGGATACTTGCGC,1
ACTTATGGCGATACTTGGGC,1
ACTTATTGGGATACTTGGAC,2
AGAAACGGCTTTGCTATAAG,1
AGAAAGTAAATGATGATATT,1
AGAAAGTTTCTGCTCCTATT,3
AGAAATGCCATATGAGGACA,1
AGAATAGGGTGCCAACATAG,1
AGAATTGGGTGACAACATAG,1
AGAATTGGGTGCCAACATAG,1
AGACAAGACATTCTTGATCT,1
AGACAAGATATCATTTGATCT,1
AGACAAGATATCCTTTGATCT,1
AGACAATACATTCTTGATCT,1
AGAGAATAAGAGTGGAGACC,1
AGAGAATGGCATCTGGGTCA,1
AGAGACTGGCATTTGGGACA,2
AGAGCCTCCATTTCTTTGGA,1
AGAGCCTCCATTTCTTTGTA,1
AGAGGACCCGACACGCCCGA,1
AGAGTTAAAAAACACATCCAA,1
AGATGAGTTATTTGTCTACT,1
AGATTATCCGCACTGACTAA,1
AGATTTTCCACACTGACTGA,4
AGCATGGTATTTAAATCTTG,1
AGCCACCTGGATGCCTGAGT,2
AGCCACTTGGCTTCCTGAGT,1
AGCGTTTATCCATTTCAGAA,1
AGGAGTCCTAGGCTGATTTC,1
AGGCTGCACTGTCCATATAA,1
AGGCTGCACTGTCCATATAT,1
AGGGCCACCTGTTGGTGGGC,2
AGGGCCGCCACTTGGTGGGC,1
AGGGCCGCCTGTTGGTGCGC,1
AGGGCCTCCTGTTGGTGGGC,1
AGTAATAAAATCTATGAATA,1
AGTACAGTACAATGAACCCA,1
AGTAGCAGTTCATGTAGCCT,1
AGTAGGAGAATCTATGAATA,1
AGTAGGAGATTCTATGAATA,1
AGTAGTAGAATCCGTGAATA,1
AGTATAAACAATGAGACACC,1
AGTATTCGAGTCAGGAACTA,1
AGTATTGGAGTGAGGAACTA,4
ATAAGGTTTCTGCTCATATT,1
ATACATGGATGACTTGTATG,1
ATAGCACTACTCTTTAGTTC,2
ATATATCGATGACTTGAATG,1
ATATCAGCACAAGTCGAGAT,1
ATATCAGCACTAGTGGAGAT,3
ATATCAGCACTATTGGAGAT,1
ATATCAGCACTTGTGGATAT,1
ATATCTGGACTTCGTTGACT,1
ATATCTTGTCTTCGTTGAGA,2
ATATGGTAGTAATAGAAACA,1
ATATGGTCGTAATAGCAACA,1
ATATGGTGGTAATAGCAACA,2
ATATTCCAAAGTAGCATGAC,1
ATATTGCTTTGGTTCCTCTA,1
ATCAAAGTGTGGCAAGTAGA,1
ATCAATGAGGAAGCTGCAGA,2
ATCACAAAAATTCGAAATTT,1
ATCAGTTTTAGGCTGACTTC,1
ATCCATCCAATGCTGGCTAA,1
ATCCATCCAATGCTGGCTCA,1
ATCCATCCTATGTGTTCCTG,1
ATCCTTTGACGTACACAATA,1
ATCGGCTACTTAGTCTTTTG,1
ATCGGCTCCAGCTTCGGAGG,1
ATCGGCTCCTGCATCTGAGG,4
ATCGGGCTCCTGCTTCTGAGG,2
ATCTTTTGATGTCCACAATA,1
ATGATACAGTATTAGAAGAC,1
ATGATTGTCAGGCAACTATA,1
ATGATTGTGTGGCAAGTAGA,5
ATGATTGTGTGGCAAGTCGA,1
ATGGGATTAAATACAATAGT,1
ATGTACTATTGGCAGGCTAC,2
ATGTGCCTAATCATCCAATG,1
ATGTTTCCAGGGCTCTAGTT,1
ATTAGGACATACCACATCCAG,2
ATTCATCCTATTTGTTCCTG,1
ATTCGAAAAGAGCCAGTACA,1
ATTCGCAGAACCAGCAAGAA,1
ATTTACCAATACTACTGCTT,1
ATTTCCTGTCCTGTTTCTGC,1
ATTTTCCAATACTGCTTCTT,2
CAAACAAAGATTACCAATTT,1
CAAATCTTTTGAAGCTTCCA,1
CAACTGGAGGATATGAACTA,1
CAAGAAAATATGCAAAAATG,1
CAAGCTGAGCCAGCAGCCGA,1
CAATTTAAAGTAACCCAGAG,1
CACAATTTCAAAAGAAAAGG,1
CACAATTTCAAAATAAATGG,1
CACCATCATATTGTGTCAAT,1
CACCTATTACTATGCTTTCT,1
CAGAAAGAACCTCATATTCT,1
CAGAACAACACACCAGGGCC,1
CAGGAAAATATGCAAAAATG,1
CAGTAAAATGAAAGCCAGGA,1
CAGTAACAGTACTGGATGTG,4
CAGTAACAGTACTGGATTTG,1
CAGTGCACTTTAAACAAACA,1
CAGTGCCTTGGAATACTAGT,1
CATAGTGATAGGAAACTGACA,1
CATAGTGTTAGGAAACTGACA,2
CATGGCCGGAGAGAAGCATC,1
CCAAACTAACACTTCTTTCT,1
CCACAATCCTCGCTACAATC,1
CCACACTAATACTTCTCCCT,1
CCACATATCCTCGCTACAATC,2
CCACTCTAGCACTTCTCTCT,1
CCACTCTTCTCTTTGCCTTG,1
CCACTGGTGGTTCTGCACTA,1
CCCAAGAACAATACAAGAAA,1
CCCATATTACCTATGCTTTCT,1
CCCCTGTAGGTTCTGCACTA,2
CCCGAATCCTGTAAAGCTAG,2
CCGACAAGAAAAGAATGAAC,1
CCGGCAAGAAAAGAATGAAC,1
CCTACCCCATCCAAAGAAAT,1
CCTGAATCCTGCAAGGCTGG,1
CCTGACTCCTGCAAGGGCTAG,1
CCTTGGCCTTGGGGATTGTA,2
CGAAAGGGCTTTGCTATAAG,1
CGAAGTGAGCCAGCATCAGA,1
CGCTCCGCAGGTCGTCCCAG,1
CGGACGCGAGCCAAATAAAA,1
CGGGCTCTAGTCCAGGATCTA,2
CGTAGGAGAAATTTATAAAAG,1
CGTCGATTCCTTCTGGCCTG,1
CTAACAAGGCCAGTGTTATCT,1
CTAACAGGACAGGGTTAACT,1
CTAACAGGCCACCGGAAACT,1
CTAACAGGCCACGATTGACT,1
CTAACAGGCCAGGGGTAACT,1
CTAATCAGGCCAGGGTTAACT,1
CTACAACTGATTATCCATAT,1
CTACAGGGTCAACAGCTCCT,1
CTAGCACCATCCAAAGGTCA,1
CTAGCTACATGGACCGCTAC,3
CTAGGATTAAATAAAATGAGT,2
CTAGTATTAAATAAAATAGT,2
CTAGTGTCGCAAAACTGAAA,1
CTAGTGTCGCAAAACTGACA,3
CTAGTGTTACAAAACTGACA,1
CTAGTGTTGCGAAACTGACA,3
CTATCAGGCCAGGGTTACAA,1
CTGTGCCTTAGAATGCTAGT,2
CTGTGCCTTGCGAATACTAGA,1
CTGTGCCTTGCGAATACTAGT,1
CTTATTCTTTTTTAACCCTG,1
CTTCCTACAAGGGAAGGCCA,1
CTTCGATTCCTCCGGACCTG,1
CTTCGATTCCTTCGGGCTTG,1
CTTCTTCTGGGCTGGGGTCT,1
CTTCTTGTGGGCTGGGATCA,1
CTTCTTGTGGGCTGGGGGCT,1
CTTCTTGTGGGTTATGGTCT,1
CTTGCCATGTTTCTTTTTGT,1
CTTTATCTTTTTTAACCCTG,3
CTTTTATAGATGTATCCTAC,2
CTTTTTCTTTTTGAACCCTG,3
GAAATCAGGAGTGCATGCCA,1
GAAATCATGACAGCATGCCA,1
GAAATGATGACAGAATGTCA,1
GAAATGATGACAGCATGTCA,1
GAACAGTTTTAATTGTGGAT,1
GAAGGAGGCTTGATAGGTTT,1
GACATATCTATGAAACATAC,1
GACATGGGAAAACATGGTGGA,2
GACATTCTGGGAAGTTCAACT,1
GACCATCAATGAGGAAGCTG,1
GACCGGATATCCACTGACCT,2
GACTTACTCTTGATTGTGAC,7
GAGAAATTTGAGGCAATTAA,1
GAGACAACATTTGTTGAGGT,1
GAGACAAGGGGTCGTTGCCA,1
GAGAGGATGACAGCATGTCA,6
GAGAGGATGACTGCATGTCA,1
GAGATGATGACAGCATGTCA,1
GAGATTTGGGATAACATGAC,1
GAGATTTTCCACACTGACTAA,1
GAGTCATTTGAGGGAGGCTA,1
GAGTGATTTGAGGGACGTTA,3
GAGTGATTTGAGTGACGATA,1
GATCAGAAGATAGTGGCAAT,1
GATGAGGGACAATTGGTGAA,1
GATGCTCCCAGGGCTCTAG,1
GATGTCTCCTACTGAGATAG,2
GATGTCTGCTACTGGGATAG,1
GATTGGCGATTCTTCAAATA,1
GCACAGTTTTAATTGTGGAG,1
GCACCGACCAAGGCAAAAAG,2
GCACTATTTTGATTGTTTTT,1
GCAGATGCTTTATTCTTGTA,1
GCAGCAGCTGAGGGGACAGA,2
GCAGCAGTTCTTGTAGTACT,1
GCAGCTGCTTATTGCTAGTA,1
GCAGCTGCTTTCTGCCTGTA,1
GCAGCTGCTTTTTGCTTGTA,3
GCAGGAGGGGAGGACATAAA,1
GCAGGAGTGGAAGACATAAT,3
GCAGGAGTGGAGGCCATAAT,2
GCAGTAGCTGAGGGGACAGA,1
GCAGTAGCTGATGGAACAGA,1
GCAGTAGCTGTGGGGACAGA,1
GCATGGGTACCAGCACACAA,1
GCATTAGCTGAGGGTACAGC,1
GCCAAAATTACTCTATAGTG,2
GCCACAGAGAGGAACCATACA,1
GCCACAGAGGGAGCGATACA,1
GCCGAATCCTGTAAAGCTAG,1
GCCGGGGCACAATCATGTAT,1
GCCGTGCGCGCTTCAGCAAG,2
GCCGTTTCTCCATTTCAGAA,2
GCGCAGAAGATAGTGGCAAT,4
GCGCGATCACATGCTCATGC,1
GCGCGATCACATGGTCCTGC,4
GCGGGAATCACGCAGGAATT,1
GCGTGGCCTGGGCAGGACTG,3
GCGTGGGTACCAGCACATAA,1
GCTACAACCAGCCCTTCTGA,1
GCTACAACCATCCCTGCAGA,1
GCTATTCGCCACATACCTAG,3
GCTCAGACCAAGGCAAAAAG,1
GCTCCGACCAAGGCAAAAAG,1
GCTGCTTAATGCCCCAGACT,1
GCTGTACTTTCTATAGTAGA,1
GCTGTTTGATGCCCCAGACT,1
GCTGTTTGATGCCCCAGTCT,1
GCTTCACAAGAAGTAAAAAA,2
GCTTCACAAGATGTAAAAAC,1
GCTTCACAGGAGGTAAGAAA,1
GGAAAGGGCTTTGCTATTAG,1
GGACTCAACAAATCAGAAGA,2
GGAGACTATATTAGGTAAAG,1
GGAGAGTGATGGCGATCAGG,1
GGAGAGTGATGGGGATCAGC,1
GGAGAGTGATGGGGATCAGG,4
GGAGGACCAAGCCATAAAGC,1
GGAGGAGGCTTAATAGGTTT,1
GGAGTACCTGGCCATAAAGC,1
GGAGTTCAATAACCCCTCCAA,1
GGCAAATACTGGCGTATTGT,1
GGCAAATTTTGGAGTATTGT,2
GGCATGGGTACCAGGACACA,5
GGCATTAAGCAGCTCCAGGA,1
GGCCACATGGATTCCTGAGT,1
GGCCACCAGGATTCCTGAGT,5
GGCCACCTGGATTCCTGATA,1
GGCCACCTGGCTTCCTGAGT,1
GGCCACCTGGGTTCCTGAGT,1
GGCCATCTTCCTGCTGAATTT,1
GGCGACCTGGATTCCTGATT,1
GGCTCCGCAGGTCGTCCCAG,2
GGCTCCTGTCCTGTTTCTGC,2
GGCTCTGCAGGTCGTCCCAG,2
GGGAAATCCTCAAATATTGG,2
GGGCTCCAGTCTAGGCTCTA,1
GGGCTCTAGTCTAGCATCTA,2
GGGCTCTAGTCTCGGATCTA,1
GGGCTCTCGTCTAGGATCTA,1
GGGCTCTTGTCTAGCATCTA,1
GGGGAGTACAGTTCAGGGGA,1
GGGTCCCCTCGGGATTGGGA,1
GGTCCCCTCGGGGCTGAGAG,1
GGTCCCCTCGGGGCTGGGAA,1
GGTCCCCTCTGGGCTGGGTG,1
GGTCGAATCTCCTACAATAT,1
GTACCACTAAAATTGAAGCC,1
GTAGACAAATTAGTCAGTGC,1
GTAGATAAACTAGTCAGTAA,1
GTAGCACCATCCAAAAGGTCA,1
GTAGGAAGCTTGGTAGGTTT,1
GTAGGACCTGGCCATAAAGC,1
GTAGGAGATATCTATACAAC,1
GTAGGAGGCTTAATAGGTTT,1
GTAGGAGGCTTAGTAGCTTT,1
GTAGGAGGCTTAGTAGGCTT,1
GTAGTAAGCATTGAACCATT,2
GTAGTACAAATTGAACCATT,1
GTAGTACAAATTGCAGCAAT,1
GTAGTAGGATTGATAAGTAT,1
GTAGTGAGAATTGAACCAAT,1
GTAGTGAGAATTGAACCATT,3
GTATTAACAAACTCCCACTC,1
GTATTGACAAATTCCCACTC,1
GTCAGGGAGTAGTACAATCC,1
GTCGAGCTGCTTCAAGTGGT,1
GTCGAGCTGCTTCATGAGGT,1
GTCGAGCTGCTTCATGTGGT,2
GTCGTGCTGCTTCTTGTGGT,5
GTCGTGCTTCTTCTTGTGGT,1
GTCTTGCTGCTTAATGTGGT,1
GTCTTGTAGAGCCACAGATC,1
GTGCATGGCTAGAAGCACAA,1
GTGCCTGGCTAGAAGTACAA,8
GTGGATGGCTAGAAGTAGAA,1
GTGGGAGACATCTATAAAAG,5
GTGGGTCTGAAACGACAATG,2
GTGTGCCAAGTAGACAGGAT,1
GTGTGGTAGACCCACAGATC,1
GTTGCCATGTTTCCTTTTG,1
GTTTCCTGCCCTGTTTCTGA,1
GTTTCTTGCCCTCTTTCTGC,1
GTTTGGCGATTCTTCAATTA,1
GTTTTGCGATTCATCAATTA,1
TAATTTGTTTTATTCTGCAT,1
TACCACTAACTGCTTTCATA,1
TACCACTTACTGCTTTGATA,5
TACCATAATTGTACTAGGGG,1
TACCATAGATTTTACTAGGGG,3
TACTACTTACTGCTTTGATA,1
TACTATGATTACTTCTAACC,1
TACTATGTTTAATTCTAATC,2
TACTATGTTTACTGCTAGTC,1
TACTATGTTTCCTTCTAACC,1
TAGAGCTTTTAGAGGAACTT,1
TAGCTGCTCTATTTCTACTT,1
TAGGGACTTCCAAATTCCTG,1
TAGTTCCCTTCAGGAACAAA,1
TATAGTAAATAGAGTCAGGC,2
TATAGTGAAAACAGGTAAGGC,1
TATAGTGAATAGAGGTTAGGC,1
TATCAGAAGGGGCCACCCCA,3
TATCAGAAGTGCACACCCCA,1
TATCATAATTTTACTAGGGG,3
TATGAAGCTTGCTCGGCTCT,3
TATGATGCAAAATTCGAGAT,1
TATGCACCACAGCTGTGCCT,1
TATGGGGGACAATTCGACAA,1
TATGGTCGTTGTTATATGTC,1
TATTCGACAAACCTGAACAT,1
TATTTCGTTATAGCAAATAT,1
TCAAGAACAGCCAGATAAAA,1
TCAAGCACGGAATCACAAGG,1
TCAAGCAGGACACAACAAGG,2
TCACACTTATCTGGTTGTGC,1
TCACAGTTTTAGAAGTGTAG,1
TCACATAAATTTTCTATTGG,1
TCACCAGTCATTTTACTAAT,1
TCACGGGTACCAGCACACAA,1
TCACTGTTATCTGGTTGTGC,1
TCAGAATAAAGTGCATCCAC,1
TCAGAATAATGTGCTTACAC,1
TCAGAGTATTGGCAAGCCAC,2
TCAGCAGTCCTTGTAGTAAT,1
TCAGCAGTCCTTGTAGTACCT,2
TCAGCAGTTCTTGGAGTACT,1
TCAGCAGTTCTTGGTAGTACT,2
TCAGCAGTTCTTGTTTTACT,2
TCAGCATATTGGCAAGCCAC,1
TCAGTACAATGTACTTCCAC,2
TCAGTATAATGTGCTTCCTC,1
TCATACTCATCTATCAATAC,1
TCCCCAAAGTCAAGGGGGTAG,1
TCCCCAAAGTTAAGGGGTAG,1
TCCGCAGTTCTTGGAGTACT,1
TCCTACAATCCACAAAGCAA,1
TCCTACAATCCCCAAAGCCA,1
TCCTGCTAAGTCACTTCCGC,1
TCCTGCTATGTCACCTCCCC,2
TCCTGCTATGTCACTTCCGC,1
TCCTGCTATGTCACTTCTCC,1
TCGCGATCACAGGGACCTGC,1
TCGGGCATGTCGGGTCCCCT,1
TCTCTGCATGATTATTGTAG,1
TCTGAGGGATCTCTAGTTAC,1
TCTGGGTCAGGGAGTCTCCA,1
TCTGTACAAGGTGCTCCCAC,1
TCTTCACAGGAGGTAAGAAA,1
TCTTTGCATCATTATGGTAG,1
TGACCCTGAGAGAGAAGAGT,1
TGAGAGAGAGGGAGATCAGC,1
TGAGCATCTGATGCACAAAA,4
TGATGCAGAGAGGCAATTTT,1
TGCCACTTTCTGCTTTGATA,1
TGCGCAAGTCAGATTTCCGC,1
TGCTTTTCAACCTTTCAGCT,1
TGGATAAACAGAAGTTGTTA,1
TGGATAAACAGAAGTTGTTG,2
TGGATAAGTGGGCTAGTTTG,3
TGGCTCTCGTCTAGGAACTA,1
TGGGCAAGTCAGATTCATCC,1
TGGGCAAGTCAGATTTATTC,1
TGGTGGAACCTCCTGCAGTA,2
TGGTGGAATCTACTGCAGTA,1
TGTACCACAAACTGATGAAG,1
TGTACGGGTAGTCTAAATTT,2
TGTATGGGTAGTCTTAATTT,2
TGTGCTGCCACAGGGATGGA,1
TGTGCTGCCACTGGGATGGA,1
TGTGCTGCCCCAGGGATGGA,2
TGTGTGGACCATAGTAATCA,1
TGTGTGGTACATAGTACTCA,1
TTAAGGCAAAGAAAAATAGA,2
TTAATCAAGCACAACCAGAT,1
TTACACCCTATCAGCCTGCA,2
TTACACCCTGTGAGCCATGCA,1
TTAGACAACAAACAAGAAAA,1
TTAGTGCTCTTGGTTCCTCTA,2
TTAGTGCTTTGGTTCCTGCA,1
TTAGTGCTTTTGTTCCTCTA,2
TTATAAATGATGGATAATCC,2
TTATCTATGCTTTGCAGGATT,2
TTATGAGGGACAATTGGAGAA,1
TTATGGGTCGCAGTCTATTA,1
TTCAACTACTCGTTGACTTT,1
TTCAAGCACAACCAGACTAAG,2
TTCCACTACTCGTTGACTTT,2
TTCCGCTGATTCTAACAGGC,1
TTCCGCTGTTTCTAACAGGC,1
TTCCTTTTTATGGCAAATAT,11
TTCTACAACTCCCTGACTTT,2
TTCTGATGTTTCTAACAGGC,2
TTCTGGTACTAAGTCTTTTG,1
TTCTTTCCCCCTGGCCTATAA,2
TTCTTTCCCCCTGGCCTTAG,1
TTCTTTCCCCCTGGCTTTAA,4
TTGAGGGTCACAGTCTATTA,1
TTGGCAGGCTACCTGGAATC,1
TTGGGCAAGTCAGATTTATGC,1
TTGGTGGGCGGGGATGAAGC,1
TTGTGGGTCACAGTCTATTA,1
TTGTGGGTCACAGTTTATAA,1
TTGTTTCTTTTTTAACCCTG,3
TTTCCCATGTTTCCTTTTG,1
TTTCTGCATCATTAATGGTAG,1
TTTCTTCATCATTATGGTCG,1
TTTGGGTCTGGGAGTCTCCA,2
TTTGGTCCTTGTTATATGTC,3
TTTTATAAATATAAAGTAGT,2
TTTTTCCAGTTCCCTTAGATA,1
TTTTTCTTTATAGCAAATAC,1
TTTTTTCTTTTTTAATCATG,1
