viral_barcode_corrected,viral_barcode_corrected_count
AAACGCGAGCCATGTGGTCGCTTTCGATGCGCGT,1
AACGCAGCCATGTGGTCGATTCCGGTGCGCCATG,1
AACGCGAGCCATGCGGGCGCGTCCGATGCGCGCG,1
AACGCGCGCATCGGTACGGGGGTCATGGCTCGCG,1
ACACGAGCCATGTCAAGTCTGGGCGATGCCTTGT,1
ACACGAGCCATGTGGTCCTTTCGATGCTTGTGTA,1
ACATGAGCCATGTCCGTCTGAGCGATGCGCATAT,1
ACGCACGCATCGTGAGATCTAAGCATGGCTCGCG,1
ACGCAGCAAACCATGTGGTCCTTTCGATGCGCGT,1
ACGCAGCCCATGTGGTCGCTTTCGATGCACGCGT,1
ACGCAGGCCATGGAGTTGAGGTACGATGCGCGCG,1
ACGCAGGCGCATGTAGTCGATTCCGATGCGCGCG,1
ACGCGAATGTGAGTTGAGGTACGATGCGCGCGTA,1
ACGCGAGCCAAAGATCTGGTCCGATGCGCGCGTA,1
ACGCGAGCCAAGGTAGTCGATTCCGATGCGCGCG,1
ACGCGAGCCATGAAACATAACCCGATGCGCGCGT,1
ACGCGAGCCATGACTGATGGCCCGATGCGCGCGT,1
ACGCGAGCCATGACTGATGGCCCGGATGCGCGCG,1
ACGCGAGCCATGAGTTGAGGTAACAGATGCGCGT,1
ACGCGAGCCATGAGTTGAGGTACGATGCGCGCGT,1
ACGCGAGCCATGCATTGATAAAAACCGATGCAAG,1
ACGCGAGCCATGCCCCCTACTTCGATGCGCGCGT,1
ACGCGAGCCATGCCCCCTACTTCGTGCGCGCGTA,1
ACGCGAGCCATGCCCCTACTTCGATGCGCGCGTA,1
ACGCGAGCCATGCGATCTGGTCCGATAGCATGAC,1
ACGCGAGCCATGCGATCTGGTCCGATGCGCGCGT,1
ACGCGAGCCATGCGATCTGGTCCGATGGTATGTA,1
ACGCGAGCCATGCGATCTGGTCCGTGCGCGCGTA,1
ACGCGAGCCATGCGGAAAGCGTCCGATGCGCGCG,1
ACGCGAGCCATGCGGGCGCGTCCGATGCGCGCGT,1
ACGCGAGCCATGCTCGTTGGCCCGATGCGCGCGT,1
ACGCGAGCCATGGCTCTCTAATCGATGCGCGCGT,1
ACGCGAGCCATGGCTCTCTCAATCGATGCGCGTA,1
ACGCGAGCCATGGGGTTTTAACCGATGCGCGCGT,1
ACGCGAGCCATGGGGTTTTAACCGATGTGCTGTA,1
ACGCGAGCCATGGTCGATAAACCGATGCGCGCGT,1
ACGCGAGCCATGGTCGATAAACCGGATGCGCGCG,1
ACGCGAGCCATGTAAATTATCTCGATGCGCGCGT,1
ACGCGAGCCATGTAAGTTCTGGCGATGCGCGCGT,1
ACGCGAGCCATGTAGTCGATTCCGATGCGCGCGT,1
ACGCGAGCCATGTAGTCGATTCCGGATGCGCGCG,1
ACGCGAGCCATGTAGTCGATTCGATGCGCGCGTA,1
ACGCGAGCCATGTCCGTCTGGGCGATGCGCGCGT,1
ACGCGAGCCATGTGATCGATTTCGTGCGCGCGTA,1
ACGCGAGCCATGTGCGCGTATCCGATGCGCGCGT,1
ACGCGAGCCATGTGGTCGCTTTCCGATTAGCGCG,1
ACGCGAGCCATGTGGTCGCTTTCGATGCGCGCGT,1
ACGCGAGCCATGTGGTCGCTTTCGGATGCGCGTA,1
ACGCGAGCCTGCGTGGTCGCTTTCGATGCGCGCG,1
ACGCGAGCTCATGTGGTCGCTTTCGATGCGCGCG,1
ACGCGAGCTGCGTGCGTATCCGGGATGCGCGCGT,1
ACGCGAGTCATGTGGCTCTTTTCGATGCGCGCGT,1
ACGCGCATCAGTAGGATCTAGCATGGCTCGCGTA,1
ACGCGCATCGGTAATGGGGGTCATGGCTCATGTA,1
ACGCGCGCAATGGAATAGCTCGCAATGGCTCATG,1
ACGCGCGCATCGAGGGTGGGGGCATGGCTCATGT,1
ACGCGCGCATCGCAGGATCTAGCATGTTCGCGTA,1
ACGCGCGCATCGGAATAGCTCGCATGGCTCGCGT,1
ACGCGCGCATCGGTACGGGGGGTCATGGCTCGCG,1
ACGCGCGCATCGGTACGGGGGTCATAATCCGCGT,1
ACGCGCGCATCGGTACGGGGGTCATGGCTCGCGT,1
ACGCGCGCATCGGTACGGGGTCATGGCTCGCGTA,1
ACGCGCGCATCGGTGCTCATTACATGGCTCTCGT,1
ACGCGCGCATCGTAGGATCTAGCATGGCTCGCGT,1
ACGCGCGCATTGGAATAGCTCGCATGGCTCGCGT,1
CCATGGTTAAGTGTCCGTCTGGGCGATGCGCGCG,1
CCGTTGTTTCTGCATGAGTAAACCGATGCGCGCG,1
CGCCTGACCATGCGATCTGGTCCGATGCGCGCGT,1
CGCGAGCCATGACTGATGGCCCGATGCGCGCGTA,1
CGCGAGCCATGACTGATGGCCCGGATGCGCGGCG,1
CGCGAGCCATGAGTTGAGGTACGATGCGCACGTA,1
CGCGAGCCATGAGTTGAGGTACGATGTGCGCGCG,1
CGCGAGCCATGCCTCTCTAATCGATGCGCGCGCG,1
CGCGAGCCATGCGATCTGGTCCGATGCGCACGCG,1
CGCGAGCCATGGAAGGCCGATTCCGATGCGCGTG,1
CGCGAGCCATGGTCGATAAACCGATGCGCGCGTA,1
CGCGAGCCATGTAAGGTCGATTCCGATGCGCGCG,1
CGCGAGCCATGTAGTCGATTCCGATGCGCGTATG,1
CGCGAGCCATGTAGTCGATTCGGGATGCGCGCGT,1
CGCGAGCCATGTCCGTCTGGGCGATGCGCGCGCG,1
CGCGAGCCATGTGGTCGCTTTCGATGCGCGCGCG,1
CGCGCAGCATCGGTACCGGGGTCATGGCTCGCGT,1
CGCGCGCATCGTAGGATCTAGCATGGCTTCCGCG,1
CGCGCGTGCATCGGTGCTCATTACATGGCTCGCG,1
CGCTGAGCCATGTAGTCGATTCCAGATGCGTGTA,1
CGTGAGCCATGTGCGCGTATCCGATGCGCGCGTA,1
CTAAGTGAGCTGTGTGCGTATCCGATGTGCTAAG,1
GACGCGAGCCATGCGATCTGGTCCGATGCGCGCG,1
GCATGACCATGTGGTCGCTTTCGATGCGCGCGTA,1
GCCCGCGAGCCATGCGATCTGGTCCGATGCGCGT,1
GTAAGGAGCCATGTGCGCGTATCCGATGCGCGCG,1
